X,Y,Theta,RealX,RealY
0,9,-1.5676547341413067,0.06841439241440621,8.99973996684963
0.06567796200784934,8.999747010790646,-1.5746482727197992,0.13682483149325905,8.99895988242457
0.13135254860604267,8.999034710151198,-1.5816418112982917,0.20522736412944917,8.997659791802114
0.19702054769110328,8.997863132919843,-1.5886353498767842,0.27361803767274223,8.995839770108187
0.2626787474817457,8.9962323363977,-1.5956288884552767,0.3419929001581833,8.993499922513003
0.3283239366759618,8.994142400346018,-1.6026224270337692,0.41034800053446147,8.990640384224996
0.3939529046080839,8.99159342698228,-1.6096159656122617,0.47867938889222256,8.987261320482997
0.459562441405816,8.9885855409752,-1.6166095041907542,0.5469831166923145,8.983362926546693
0.525149338147227,8.985118889438624,-1.6236030427692467,0.6152552369939546,8.978945427685343
0.5907103870176968,8.981193641924339,-1.6305965813477392,0.6834918046828042,8.974009079164755
0.6562423814668091,8.976809990413775,-1.6375901199262317,0.7516888766989372,8.968554166232542
0.7217421163651812,8.971968149308623,-1.6445836585047242,0.8198425122646912,8.962581004101638
0.7872063881612248,8.96666835542034,-1.6515771970832167,0.8879487731123845,8.956089937932079
0.8526319950378305,8.960910867958573,-1.6585707356617092,0.9560037237118911,8.94908134281106
0.9180157370689659,8.954695968518479,-1.6655642742402017,1.024003431498055,8.941555623731265
0.9833544163761826,8.948023961066951,-1.6725578128186942,1.0919439670979338,8.933513215567459
1.0486448372850221,8.940895171927755,-1.6795513513971867,1.1598214045578585,8.924954583051358
1.1138838064813141,8.933309949765563,-1.6865448899756792,1.2276318215702957,8.91588022074478
1.1790681331673605,8.925268665568911,-1.6935384285541717,1.2953712997004978,8.906290653011064
1.2441946292179937,8.916771712632041,-1.7005319671326642,1.3630359246129307,8.896186433984765
1.3092601093365075,8.907819506535674,-1.7075255057111567,1.4306217862974648,8.885568147539642
1.3742613912104469,8.898412485126682,-1.7145190442896492,1.4981249792953142,8.87443640725491
1.4391952956672536,8.888551108496676,-1.7215125828681417,1.5655416029247158,8.86279185637979
1.504058646829757,8.878235858959496,-1.7285061214466342,1.6328677615063298,8.850635167796337
1.5688482722715047,8.867467241027626,-1.7354996600251267,1.700099564588352,8.837967043980562
1.6335610031719237,8.856245781387521,-1.7424931986036192,1.7672331271713246,8.824788216961824
1.6981936744713055,8.844572028873843,-1.7494867371821117,1.8342645699326308,8.811099448280553
1.7627431250256074,8.832446554442619,-1.7564802757606042,1.9011900194506635,8.796901528944222
1.8272061977610616,8.819869951143314,-1.7634738143390967,1.9680056084286488,8.782195279381654
1.8915797398285865,8.806842834089831,-1.7704673529175892,2.034707475918122,8.766981549395602
1.9558606027579901,8.793365840430422,-1.7774608914960817,2.101291767542029,8.751261218113655
2.0200456426119597,8.779439629316522,-1.7844544300745742,2.1677546357174555,8.735035193937428
2.0841317201398297,8.765064881870519,-1.7914479686530667,2.2340922398779584,8.718304414490072
2.1481157009311214,8.750242301152433,-1.7984415072315592,2.300300746695494,8.701069846562097
2.211994455568844,8.734972612125535,-1.8054350458100517,2.366376330301926,8.6833324860555
2.2757648597825537,8.719256561620886,-1.8124285843885442,2.4323151725101075,8.665093357926223
2.339423794601158,8.703094918300813,-1.8194221229670366,2.4981134630345103,8.646353516124918
2.4029681465054638,8.68648847262131,-1.8264156615455291,2.5637673997114074,8.627114043536054
2.4663948075804583,8.66943803679338,-1.8334092001240216,2.629273188718579,8.607376051915336
2.5297006756673137,8.651944444743313,-1.8404027387025141,2.6946270447945397,8.587140681825462
2.592882654515113,8.63400855207189,-1.8473962772810066,2.759825191457271,8.566409102570216
2.655937653932286,8.61563123601255,-1.8543898158594991,2.824863861222446,8.5451825121269
2.7188625899377468,8.596813395388471,-1.8613833544379916,2.889739295821131,8.523462137077116
2.7816543849117314,8.57755595056862,-1.8683768930164841,2.9544477464169625,8.501249232535871
2.8443099677463217,8.55785984342273,-1.8753704315949766,3.01898547382277,8.478545082079064
2.9068262739956503,8.53772603727524,-1.8823639701734691,3.0833487487166495,8.455350997669314
2.9692002460257827,8.517155516858177,-1.8893575087519616,3.1475338518574567,8.431668319580139
3.0314288331642625,8.496149288262991,-1.8963510473304541,3.2115370742997316,8.407498416318514
3.093508991849318,8.474708378891352,-1.9033445859089466,3.275354717608015,8.382842684545793
3.155437685778723,8.452833837404897,-1.9103381244874391,3.3389830940705645,8.357702548997
3.217211886058298,8.430526733673945,-1.9173316630659316,3.402418526912451,8.332079462398502
3.278828571350053,8.407788158725163,-1.924325201644424,3.4656573505080184,8.30597490538406
3.3402847280199577,8.38461922468821,-1.9313187402229166,3.5286959105927074,8.279390386409274
3.4015773502853386,8.361021064741344,-1.938312278801409,3.591530564474211,8.252327441664416
3.4627034403618886,8.336994833055996,-1.9453058173799016,3.6541576812429737,8.224787634985658
3.5236600086102876,8.312541704740323,-1.952299355958394,3.7165736419820026,8.19677255776471
3.584444073682423,8.287662875781727,-1.9592928945368866,3.7787748399759846,8.16828382885686
3.6450526626672053,8.262359562988374,-1.966286433115379,3.840757680919705,8.139323094487422
3.7054828112359735,8.236633003929667,-1.9732799716938716,3.9025185831257403,8.109892028156617
3.7657315637874764,8.210484456875722,-1.980273510272364,3.964053977731431,8.07999233054287
3.82579597359243,8.18391520073583,-1.9872670488508566,4.025360308905107,8.049625729404529
3.8856731029376403,8.156926534995904,-1.994260587429349,4.08643403405156,8.018793979480025
3.9453600232696853,8.129519779654917,-2.0012541260078414,4.147271624016756,7.987498862386486
4.004853815338148,8.10169627516035,-2.008247664586334,4.2078695632917675,7.955742186516777
4.064151569338395,8.073457382342628,-2.0152412031648264,4.268224350215913,7.923525786935002
4.123250385053894,8.044804482348562,-2.022234741743319,4.328332497179108,7.890851525270468
4.182147371998063,8.015738976573795,-2.0292282803218114,4.388190530823395,7.857721289610105
4.240839649555638,7.986262286594268,-2.036221818900304,4.4477949922436455,7.824136994389371
4.299324347123567,7.956375854096687,-2.0432153574787963,4.5071424371874445,7.790100580281619
4.357598604251405,7.92608114080801,-2.050208896057289,4.566229436254108,7.755614014085957
4.41565957078122,7.895379628423956,-2.0572024346357813,4.6250525750928535,7.720679288613597
4.473504406986993,7.864272818536539,-2.064195973214274,4.683608454600105,7.685298422572698
4.531130283713502,7.832762232560621,-2.0711895117927663,4.7418936911159,7.649473460451722
4.588534382514701,7.800849411659506,-2.078183050371259,4.799904916619422,7.613206472401276
4.645713895791565,7.768535916669557,-2.0851765889497513,4.857638778923623,7.576499554114513
4.702666026929408,7.73582332802386,-2.092170127528244,4.915091941868925,7.539354826706006
4.7593879904346625,7.702713245674928,-2.0991636661067363,4.972261085516004,7.5017744365892
4.81587701207112,7.669207289016441,-2.106157204685229,5.02914290633763,7.463760555352369
4.872130328995613,7.63530709680405,-2.1131507432637213,5.085734117409569,7.4253153796331315
4.928145189893149,7.601014327075224,-2.120144281842214,5.142031448600507,7.3864411309915265
4.983918855111469,7.566330657068153,-2.1271378204207063,5.198031646761027,7.347140055781628
5.039448596795046,7.531257783139722,-2.134131358999199,5.253731475911584,7.307414425021745
5.0947316990185065,7.4957974206825355,-2.1411248975776913,5.309127717429499,7.267266534263198
5.149765457919456,7.4599513040410255,-2.148118436156184,5.364217170234953,7.226698703457652
5.20454718183073,7.423721186426622,-2.1551119747346763,5.418996650975951,7.185713276823075
5.25907419141204,7.387108839832006,-2.162105513313169,5.473462994212283,7.14431262270827
5.313343819781017,7.350116054944442,-2.1690990518916613,5.52761305259843,7.102499133456017
5.3673534126436495,7.3127446410581936,-2.176092590470154,5.581443697065446,7.060275225264834
5.421100328424101,7.274996425986039,-2.1830861290486463,5.63495181700176,7.017643338049361
5.474581938393909,7.2368732559698685,-2.190079667627139,5.688134320432924,6.97460593529936
5.527795626800555,7.198376995590386,-2.1970732062056313,5.740988134200296,6.931165503937373
5.580738790995397,7.159509527675914,-2.204066744784124,5.793510204138606,6.887324554175
5.633408841560969,7.12027275321031,-2.2110602833626163,5.845697495252452,6.84308561936786
5.685803202437619,7.080668591239983,-2.218053821941109,5.897546991891675,6.798451255869197
5.73791931104951,7.04069897878004,-2.2250473605196013,5.949055697925618,6.753424042882155
5.789754618429954,7.000365870719546,-2.232040899098094,6.000220636916258,6.708006582310743
5.841306589346072,6.959671239725909,-2.2390344376765863,6.051038852290201,6.662201498609487
5.892572702422801,6.918617076148403,-2.2460279762550788,6.101507407509527,6.616011438631766
5.943550450266207,6.877205387920819,-2.2530215148335713,6.151623386241479,6.5694390714768724
5.994237339586121,6.835438200463255,-2.2600150534120638,6.201383892526983,6.522487088335774
6.044630891318086,6.793317556583059,-2.2670085919905563,6.2507860509479904,6.475158202335602
6.094728640744604,6.7508455163749135,-2.2740021305690488,6.299827006793638,6.427455148382874
6.144528137615687,6.70802415712008,-2.2809956691475413,6.348503926225203,6.379380683005457
6.194026946268693,6.664855573184796,-2.2879892077260338,6.396813996439864,6.330937584193281
6.243222645747456,6.621341875917846,-2.2949827463045263,6.444754425833229,6.282128651237812
6.2921128299206925,6.577485193547294,-2.3019762848830188,6.492322444160656,6.232956704570296
6.340695107599685,6.533287671076393,-2.3089698234615113,6.5395153026973345,6.183424585598776
6.388967102655231,6.488751470178675,-2.3159633620400037,6.58633027439711,6.133535156543907
6.436926454133861,6.443878769092226,-2.3229569006184962,6.632764654050079,6.083291300273556
6.484570816373307,6.398671762513147,-2.3299504391969887,6.6788157584389,6.032695920136222
6.531897859117234,6.353132661488214,-2.3369439777754812,6.724480926493853,5.981751939793255
6.578905267629205,6.307263693306738,-2.3439375163539737,6.7697575194466,5.930462303049924
6.625590742805897,6.26106710139163,-2.3509310549324662,6.814642920982674,5.878829973685301
6.671952001289546,6.214545145189673,-2.3579245935109587,6.859134537392662,5.826857935281
6.717986775579629,6.167700100061018,-2.3649181320894512,6.903229797722077,5.77454919104877
6.76369281414376,6.120534257167896,-2.3719116706679437,6.946926153919929,5.72190676365696
6.809067881527818,6.073049923362558,-2.3789052092464362,6.990221080985959,5.668933695055842
6.854109758465275,6.025249421074449,-2.3858987478249287,7.0331120771165505,5.615633046301842
6.8988162419857435,5.9771350881966185,-2.392892286403421,7.075596663849293,5.562007897380654
6.943185145522721,5.928709277971379,-2.3998858249819137,7.117672386206201,5.508061347029255
6.987214299020533,5.879974358875204,-2.406879363560406,7.159336812835577,5.453796512556855
7.030901549040468,5.830932714502894,-2.4138729021388987,7.200587536152508,5.399216529664757
7.074244758866107,5.781586743450991,-2.420866440717391,7.241422172477985,5.344324552265162
7.117241808607821,5.73193885920047,-2.4278599792958837,7.281838362176645,5.289123752298916
7.159890595306456,5.681991489998691,-2.434853517874376,7.321833769793126,5.233617319552222
7.202189033036192,5.63174707874064,-2.4418470564528687,7.361406084187018,5.1778084614723205
7.244135053006558,5.581208082849445,-2.448840595031361,7.400553018666415,5.121700402982141
7.285726603663619,5.530376974156187,-2.4558341336098537,7.43927231112005,5.0652963862939515
7.326961650790314,5.479256238779006,-2.462827672188346,7.4775617241480115,5.008599670722009
7.367838177605951,5.427848377001501,-2.4698212107668387,7.515419045191035,4.951613532494217
7.408354184864845,5.3761559031504484,-2.476814749345331,7.552842086658353,4.894341264562809
7.4485076909540995,5.324181345472824,-2.4838082879238237,7.5898286860541075,4.836786176414066
7.488296731990526,5.271927246012149,-2.490801826502316,7.6263767061023024,4.778951593877071
7.527719361916697,5.219396160484162,-2.4977953650808087,7.662484034870319,4.720840858931539
7.566773652596126,5.166590658151818,-2.504788903659301,7.698148585890948,4.662457329514684
7.605457693907573,5.113513321699629,-2.5117824422377937,7.733368298282951,4.603804379327195
7.643769593838463,5.060166747107346,-2.518775980816286,7.768141136870159,4.544885397638272
7.681707478577429,5.006553543522991,-2.5257695193947787,7.802465092299069,4.485703789089789
7.719269492605954,4.952676333135246,-2.532763057973271,7.836338181154954,4.426262973499549
7.756453798789127,4.8985377510452,-2.5397565965517637,7.86975844607648,4.366566385663672
7.793258578465493,4.844140445137475,-2.546750135130256,7.902723955868809,4.306617475158113
7.829682031536006,4.789487075950711,-2.5537436737087487,7.935232805615192,4.2464197061393305
7.865722376552067,4.734580316547447,-2.560737212287241,7.9672831167870495,4.185976557144108
7.901377850802656,4.679422852383382,-2.5677307508657337,7.998873037352517,4.125291520888544
7.936646710400544,4.624017381176028,-2.574724289444226,8.03000074188347,4.06436810406623
7.971527230367588,4.568366612772769,-2.5817178280227187,8.060664431661003,4.003209827145613
8.006017704719094,4.512473269018322,-2.588711366601211,8.09086233477937,3.9418202241665634
8.040116446547259,4.456340083621619,-2.5957049051797036,8.120592706248374,3.880202842536162
8.073821788103675,4.399969802022094,-2.602698443758196,8.149853828094205,3.8183612428237104
8.107132080880902,4.343365181255411,-2.6096919823366886,8.178644009458708,3.7562989985549873
8.140045695693088,4.28652898981862,-2.616685520915181,8.20696158669709,3.6940196960057463
8.172561022755657,4.229464007534746,-2.6236790594936736,8.234804923474059,3.631526933994487
8.204676471764039,4.172173025416837,-2.630672598072166,8.262172410858376,3.5688243236744936
8.236390471971456,4.1146588455314514,-2.6376661366506586,8.289062467415825,3.505915488325166
8.26770147226574,4.056924280861612,-2.644659675229151,8.315473539300603,3.442804063142647
8.298607941245201,3.998972155169225,-2.6516532138076436,8.341404100345102,3.379493695029762
8.329108367293527,3.9408053028569747,-2.658646752386136,8.366852652148108,3.3159880423852814
8.359201258653712,3.8824265688296884,-2.6656402909646286,8.391817724161374,3.2522907748925225
8.388885143501025,3.8238388083551995,-2.672633829543121,8.416297873774608,3.1884055733072936
8.418158570014985,3.7650448869246946,-2.6796273681216136,8.440291686398824,3.124336129245201
8.447020106450378,3.706047680112566,-2.686620906700106,8.463797775548095,3.06008614496833
8.475468341207279,3.6468500734357687,-2.6936144452785986,8.486814782919657,2.9956593331713073
8.503501882900093,3.58745496221269,-2.700607983857091,8.509341378472419,2.931059416766764
8.531119360425604,3.5278652514215447,-2.7076015224355836,8.531376260503796,2.8662901286702063
8.558319423030044,3.4680838555582905,-2.714595061014076,8.552918155724948,2.8013552115843074
8.585100740375145,3.408113698494084,-2.7215885995925686,8.573965819334346,2.7362584177826363
8.611462002603213,3.3479577133322764,-2.728582138171061,8.594518035089704,2.6710035088928312
8.63740192040119,3.2876188422649557,-2.7355756767495536,8.614573615378267,2.6055942556792324
8.662919225063716,3.227100036429047,-2.742569215328046,8.63413140128543,2.5400344378249917
8.688012668555174,3.166404255761973,-2.7495627539065386,8.653190262661704,2.4743278437136578
8.71268102357074,3.105534468856887,-2.756556292485031,8.671749098188032,2.4084782702102685
8.736923083596402,3.0444936528174797,-2.7635498310635236,8.689806835439423,2.3424895224419453
8.760737662967975,2.983284793112371,-2.770543369642016,8.707362430946915,2.276365413578015
8.784123596929085,2.9219108834290934,-2.7775369082205086,8.724414870257892,2.2101097646096655
8.807079741688144,2.8603749255276707,-2.784530446799001,8.740963167994675,2.143726404129148
8.829604974474286,2.798679929093806,-2.7915239853774936,8.757006367911494,2.0772191681085417
8.851698193592286,2.7368289115916777,-2.798517523955986,8.77254354294972,2.0105918996780923
8.87335831847644,2.67482489811636,-2.8055110625344786,8.78757379529145,1.943848448904136
8.894584289743413,2.612670921245864,-2.812504601112971,8.80209625641138,1.8769926725666215
8.91537506924406,2.550370020892819,-2.8194981396914636,8.816110087126992,1.8100284339362467
8.935729640114191,2.4879252441557904,-2.826491678269956,8.829614477647056,1.7429596025512193
8.955647006824316,2.4253396451702494,-2.8334852168484486,8.842608647618412,1.6757900539936543
8.975126195228327,2.3626162849591954,-2.840478755426941,8.855091846171074,1.6085236696656224
8.994166252611148,2.2997582312834455,-2.8474722940054336,8.867063351961606,1.5411643365648642
9.012766247735328,2.23676855849159,-2.854465832583926,8.878522473214815,1.4737159470601782
9.030925270886593,2.1736503473696294,-2.8614593711624186,8.889468547763727,1.4061823986664996
9.048642433918332,2.110406684990294,-2.868452909740911,8.899900943087838,1.3385675938196833
9.065916870295041,2.0470406645620587,-2.8754464483194035,8.90981905634968,1.270875439650999
9.082747735134706,1.983555385277854,-2.882439986897896,8.919222314429641,1.2031098477613589
9.09913420525012,1.9199539521634876,-2.8894335254763885,8.928110173959096,1.1352747339952844
9.115075479189148,1.8562394759257799,-2.896427064054881,8.9364821213518,1.067374018214628
9.130570777273924,1.7924150728004198,-2.9034206026333735,8.944337672833559,0.9994116240720654
9.145619341638989,1.728483864399553,-2.910414141211866,8.951676374470196,0.9313914787843637
9.160220436268352,1.6644489775591051,-2.9174076797903585,8.958497802193778,0.8633175129054496
9.174373347031489,1.6003135441858503,-2.924401218368851,8.964801561827116,0.7951936600992795
9.188077381718276,1.5360807011042312,-2.9313947569473435,8.970587289106552,0.727023856912534
9.201331870072838,1.4717535899029395,-2.938388295525836,8.975854649702994,0.6588120425471422
9.214136163826334,1.4073353567812623,-2.9453818341043285,8.980603339241252,0.5905621586326558
9.226489636728662,1.3428291523952036,-2.952375372682821,8.984833083317614,0.5222781489984809
9.238391684579092,1.2782381317033875,-2.9593689112613135,8.988543637515708,0.4539639594459829
9.249841725255813,1.2135654538127514,-2.966362449839806,8.991734787420622,0.3856235375204783
9.260839198744405,1.1488142818240357,-2.9733559884182985,8.9944063486313,0.3172608322831251
9.271383567165232,1.0839877826770787,-2.980349526996791,8.996558166771187,0.24887979408272579
9.281474314799745,1.0190891269959237,-2.9873430655752835,8.998190117497163,0.18048437432745557
9.291110948115708,0.9541214889337453,-2.994336604153776,8.999302106506722,0.11207852525653002
9.300292995791336,0.8890880460176037,-3.0013301427322685,8.999894069543414,0.043666199711824165
9.309020008738347,0.8239919789930342,-3.008323681310761,8.999965972400572,-0.02474864909054297
9.317291560123929,0.7588364716684783,-3.0153172198892535,8.99951781092328,-0.09316206778864557
9.325107245391608,0.6936247107595661,-3.022310758467746,8.998549611008611,-0.16157010310319658
9.332466682281046,0.6283598857332555,-3.0293042970462385,8.997061428604137,-0.22996880206598858
9.339369510846728,0.5630451886518377,-3.036297835624731,8.995053349704698,-0.2983542122483165
9.34581539347557,0.49768381401681544,-3.0432913742032235,8.992525490347417,-0.3667223819893695
9.351804014903436,0.4322789586126617,-3.050284912781716,8.989477996605014,-0.435069360624578
9.357335082230549,0.36683382135046694,-3.0572784513602085,8.98591104457736,-0.5033911987139037
9.362408324935819,0.3013516031114826,-3.064271989938701,8.98182484038129,-0.5716839482700581
9.36702349489008,0.23583550659056773,-3.0712655285171935,8.977219620138701,-0.6399436629866381
9.37118036636822,0.1702887361395472,-3.078259067095686,8.972095649962915,-0.7081663984661635
9.374878736060221,0.10471449761048884,-3.0852526056741785,8.966453225943287,-0.7763482124480043
9.378118423081105,0.03911599819890728,-3.092246144252671,8.960292674128105,-0.8444851650361858
9.38089926897978,-0.02650355371309812,-3.0992396828311635,8.953614350505747,-0.9125733189270547
9.38322113774679,-0.09214094871376317,-3.106233221409656,8.946418640984108,-0.9806087396367984
9.38508391582097,-0.15779297651862925,-3.1132267599881485,8.938705961368301,-1.048587495728798
9.386487512094991,-0.22345642612755628,-3.120220298566641,8.930476757336635,-1.1165056590408076
9.387431857919829,-0.28912808598177087,-3.1272138371451335,8.92173150441485,-1.1843593049119445
9.38791690710811,-0.35480474412094154,-3.134207375723626,8.912470707948657,-1.2521445124094757
9.38794263593638,-0.4204831883402739,-3.1412009143021185,8.902694903074512,-1.3198573645553886
9.387509043146258,-0.48616020634761725,-3.148194452880611,8.892404654688717,-1.387493948552736
9.386616149944498,-0.5518325859205763,-3.1551879914591034,8.881600557414757,-1.4550503560117363
9.385264000001955,-0.6174971150636184,-3.162181530037596,8.870283235568959,-1.5225226831756205
9.38345265945145,-0.6831505821651709,-3.1691750686160884,8.858453343124399,-1.589907031146212
9.381182216884529,-0.7487897761546987,-3.176168607194581,8.846111563673123,-1.6571995061092248
9.378452783347136,-0.8144114866597556,-3.1831621457730734,8.83325861038664,-1.7243962195592673
9.37526449233418,-0.8800125041630021,-3.190155684351566,8.819895225974712,-1.7914932885245407
9.371617499783007,-0.9455896201591806,-3.1971492229300584,8.80602218264244,-1.8584868357912183
9.36751198406577,-1.011139627312041,-3.204142761508551,8.79164028204564,-1.9253729901274885
9.362948145980706,-1.0766593196112106,-3.2111363000870434,8.776750355244513,-1.992147886507256
9.35792620874232,-1.1421454925289973,-3.218129838665536,8.76135326265563,-2.058807666333483
9.35244641797046,-1.2075949431771211,-3.2251233772440284,8.745449894002217,-2.1253484776611575
9.34650904167831,-1.2730044704633656,-3.232116915822521,8.729041168262727,-2.191766475419881
9.340114370259275,-1.3383708752481414,-3.2391104544010134,8.712128033617748,-2.2580578216360534
9.33326271647279,-1.4036909605009538,-3.246103992979506,8.69471146739521,-2.324218685654653
9.325954415429006,-1.468961531456768,-3.2530975315579984,8.676792476013908,-2.3902452443605897
9.318189824572418,-1.5341793957722634,-3.260091070136491,8.658372094925353,-2.456133682399626
9.309969323664369,-1.5993413636819676,-3.2670846087149834,8.639451388553924,-2.5218801923988483
9.301293314764482,-1.6644442481542674,-3.274078147293476,8.620031450235377,-2.5874809751866734
9.292162222210996,-1.7294848650472843,-3.2810716858719684,8.600113402153651,-2.6529322400123876
9.282576492600006,-1.7944600332646083,-3.288065224450461,8.579698395276036,-2.7182302047651916
9.272536594763631,-1.859366574910884,-3.2950587630289534,8.558787609286652,-2.783371096192757
9.262043019747075,-1.924201315447239,-3.302052301607446,8.537382252518292,-2.8483511501192567
9.251096280784612,-1.9889610838465486,-3.3090458401859384,8.51548356188259,-2.9131666116628843
9.239696913274484,-2.0536427127485295,-3.316039378764431,8.493092802798548,-2.977813735452826
9.227845474752717,-2.118243038614653,-3.3230329173429234,8.470211269119417,-3.04228878584569
9.215542544865851,-2.182758901882871,-3.330026455921416,8.446840283057927,-3.106588037141372
9.20278872534259,-2.2471871471221494,-3.3370199944999084,8.422981195109886,-3.170707773798343
9.189584639964371,-2.311524623186798,-3.344013533078401,8.398635383976139,-3.2346442906483523
9.175930934534858,-2.375768183370591,-3.3510070716568934,8.3738042564829,-3.298393893110534
9.16182827684835,-2.4399146855606695,-3.358000610235386,8.348489247500462,-3.3619528974048953
9.147277356657128,-2.503960992391222,-3.3649941488138784,8.322691819860276,-3.4253176307651882
9.132278885637712,-2.567903971396929,-3.371987687392371,8.296413464270428,-3.488484431651137
9.11683359735606,-2.6317404951661723,-3.3789812259708634,8.269655699229492,-3.5514496499600234
9.100942247231682,-2.695467441493993,-3.385974764549356,8.24242007093879,-3.6142096472376073
9.0846056125007,-2.759081693534798,-3.3929683031278484,8.214708153213039,-3.676760796888375
9.067824492177834,-2.8225801399548014,-3.399961841706341,8.186521547389408,-3.7390994843851044
9.050599707017314,-2.8859596750841985,-3.4069553802848334,8.157861882234988,-3.801222107477728
9.032932099472747,-2.949217199069063,-3.413948918863326,8.128730813852673,-3.863125076401495
9.014822533655908,-3.0123496180229576,-3.4209424574418184,8.099130025585461,-3.9248048140843963
8.996271895294477,-3.075353844178256,-3.427935996020311,8.069061227919178,-3.9862577563538766
8.977281091688724,-3.1382267960371615,-3.4349295345988033,8.038526158383645,-4.047480352142785
8.957851051667124,-3.2009653985224222,-3.441923073177296,8.007526581452266,-4.108469063694574
8.937982725540937,-3.263566583127732,-3.4489166117557883,7.976064288440076,-4.169220366767735
8.917677085057727,-3.3260272880678072,-3.455910150334281,7.944141097400224,-4.229730750839438
8.896935123353831,-3.388344458428139,-3.4629036889127733,7.911758853018917,-4.2899967193083945
8.875757854905787,-3.450515046314406,-3.469897227491266,7.878919426508827,-4.350014789696906
8.854146315480717,-3.512536011001544,-3.4768907660697583,7.845624715500961,-4.4097814938521
8.832101562085672,-3.5744043190824684,-3.483884304648251,7.811876643935007,-4.469293378146341
8.809624672915925,-3.636116944616434,-3.4908778432267433,7.777677161948158,-4.528547003676794
8.786716747302247,-3.6976708692770335,-3.497871381805236,7.743028245762421,-4.587538946464141
8.763378905657135,-3.759063082499821,-3.5048649203837283,7.707931897570428,-4.646265797650446
8.73961228942001,-3.8202905816295574,-3.511858458962221,7.672390145419731,-4.704724163696122
8.715418061001401,-3.881350372067068,-3.5188519975407133,7.636405043095617,-4.762910666576042
8.690797403726076,-3.942239467415707,-3.525845536119206,7.599978670002421,-4.820821943974725
8.665751521775183,-4.002954889627419,-3.5328390746976983,7.5631131310433775,-4.878454649480637
8.64028164012734,-4.063493669148396,-3.539832613276191,7.525810556498985,-4.93580545277956
8.61438900449873,-4.123852845064313,-3.5468261518546833,7.488073101903903,-4.99287103984704
8.588074881282175,-4.184029465245148,-3.553819690433176,7.4499029479224,-5.049648113139877
8.561340557485192,-4.244020586489567,-3.5608132290116683,7.411302300222341,-5.106133391786688
8.53418734066705,-4.303823274668875,-3.567806767590161,7.372273389347733,-5.162323611777482
8.506616558874814,-4.36343460487052,-3.5748003061686533,7.332818470589829,-5.218215526152274
8.4786295605784,-4.422851661541151,-3.581793844747146,7.292939823856813,-5.273805905188715
8.45022771460461,-4.482071538629218,-3.5887873833256383,7.25263975354205,-5.329091536588719
8.421412410070195,-4.5410913397270996,-3.595780921904131,7.211920588390928,-5.384069225664084
8.392185056313904,-4.599908178212768,-3.6027744604826233,7.170784681366291,-5.438735795521102
8.362547082827565,-4.658519177390973,-3.609767999061116,7.129234409512469,-5.493088087244132
8.332499939186157,-4.716921470633936,-3.6167615376396083,7.087272173817928,-5.547122960078144
8.302045094976922,-4.7751122015215595,-3.623755076218101,7.044900399076522,-5.6008372916101985
8.271184039727483,-4.833088523981126,-3.6307486147965933,7.0021215337473794,-5.654227977949886
8.239918282832999,-4.890847602426506,-3.6377421533750858,6.958938049813414,-5.707291933908681
8.208249353482332,-4.948386611896837,-3.6447356919535783,6.915352442638486,-5.760026093178217
8.176178800583259,-5.005702738194699,-3.6517292305320708,6.871367230823208,-5.812427408507482
8.14370819268672,-5.062793178023743,-3.6587227691105633,6.8269849560594,-5.864492851878893
8.110839117910098,-5.119655139125814,-3.6657163076890558,6.782208182983223,-5.916219414683283
8.077573183859544,-5.1762858404175045,-3.6727098462675483,6.737039499026982,-5.9676041078937425
8.043912017551348,-5.232682512126184,-3.6797033848460408,6.691481514269606,-6.018643962238349
8.009857265332371,-5.288842395925464,-3.6866969234245333,6.64553686128583,-6.069336028371742
7.975410592799515,-5.344762745070106,-3.6936904620030258,6.599208194994066,-6.119677377045553
7.940573684718262,-5.4004408245303654,-3.7006840005815183,6.552498192502993,-6.169665099277676
7.905348244940275,-5.455873911125755,-3.7076775391600107,6.505409552956853,-6.219296306520353
7.869735996320062,-5.511059293658239,-3.7146710777385032,6.4579449973794905,-6.268568130827104
7.833738680630713,-5.565994273044837,-3.7216646163169957,6.410107268517107,-6.317477725018439
7.79735805847871,-5.6206761624496275,-3.7286581548954882,6.361899130679781,-6.366022262846389
7.760595909217817,-5.675102287415165,-3.7356516934739807,6.313323369581722,-6.414198939157818
7.723454030862054,-5.729269985993287,-3.7426452320524732,6.264382792180309,-6.462004970056525
7.685934239997756,-5.783176608875304,-3.7496387706309657,6.215080226513877,-6.5094375930641055
7.648038371694727,-5.836819519521577,-3.7566323092094582,6.165418521538312,-6.55649406727958
7.6097682794164845,-5.890196094290471,-3.7636258477879507,6.115400546962411,-6.60317167353779
7.57112583492961,-5.943303722566674,-3.7706193863664432,6.065029193082063,-6.649467714566508
7.532112928212203,-5.996139806888881,-3.7776129249449357,6.014307370613235,-6.695379515142313
7.4927314673614385,-6.048701763076834,-3.784606463523428,5.963238010523767,-6.740904422245174
7.45298337850025,-6.100987020357713,-3.7916000021019207,5.911824063864013,-6.786039805211755
7.41287060568312,-6.152993021491869,-3.798593540680413,5.860068501596311,-6.830783055887426
7.372395110800998,-6.2047172228979015,-3.8055870792589057,5.8079743144233085,-6.8751315887769815
7.331558873485343,-6.256157094777058,-3.812580617837398,5.755544512615137,-6.919082841194039
7.290363891011307,-6.30731012123697,-3.8195741564158907,5.702782125835475,-6.962634273409124
7.248812178200045,-6.3581738004147,-3.826567694994383,5.649690202966467,-7.005783368796434
7.206905767320173,-6.408745644599106,-3.8335612335728757,5.5962718119325485,-7.048527633979255
7.16464670798837,-6.459023180352519,-3.840554772151368,5.542530039523166,-7.090864598974044
7.122037067069132,-6.50900394863171,-3.8475483107298607,5.488467991214405,-7.132791817333162
7.079078928573686,-6.558685504908166,-3.854541849308353,5.4340887909895415,-7.174306866286235
7.03577439355806,-6.608065419287647,-3.8615353878868457,5.379395581158519,-7.215407346880161
6.9921255800203195,-6.657141276629034,-3.868528926465338,5.324391522176372,-7.256090884117726
6.9481346227969825,-6.705910676662447,-3.8755224650438307,5.269079792460599,-7.296355127094854
6.903803673458603,-6.754371234106647,-3.882516003622323,5.213463588207496,-7.336197749136444
6.859134900204538,-6.802520578785693,-3.8895095422008157,5.157546123207462,-7.375616447930822
6.8141304877569056,-6.850356355744868,-3.896503080779308,5.101330628659295,-7.414608945662783
6.768792637253728,-6.897876225365859,-3.9034966193578007,5.044820352983472,-7.453172989145208
6.723123566141278,-6.945077863481188,-3.910490157936293,4.988018561634441,-7.491306349949273
6.677125508065622,-6.991958961487881,-3.9174836965147857,4.930928536911923,-7.5290068245332105
6.630800712763377,-7.038517226460383,-3.924477235093278,4.873553577771247,-7.566272234369649
6.584151445951677,-7.084750381262703,-3.9314707736717707,4.815896999632722,-7.603100426071496
6.537179989217354,-7.13065616465979,-3.938464312250263,4.757962134190045,-7.63948927151637
6.489888639905355,-7.176232331428124,-3.9454578508287557,4.699752329217793,-7.675436667969578
6.44227971100637,-7.221476652465531,-3.952451389407248,4.641270948377954,-7.710940538205621
6.394355531043715,-7.266386914900209,-3.9594449279857407,4.582521371025577,-7.745998830628227
6.346118443959438,-7.3109609221989516,-3.966438466564233,4.523506992013479,-7.7806095193889
6.297570808999682,-7.355196494274588,-3.9734320051427257,4.464231221496077,-7.814770604503989
6.248715000599295,-7.399091467592602,-3.980425543721218,4.404697484732342,-7.848480111970252
6.199553408265698,-7.4426436952769555,-3.9874190822997106,4.344909221887853,-7.88173609387893
6.150088436462014,-7.4858510472150845,-3.994412620878203,4.284869887836022,-7.9145366285283005
6.100322504489471,-7.528711410162086,-4.001406159456695,4.224582951958444,-7.946879820534729
6.05025804636907,-7.571222687844075,-4.008399698035188,4.164051897944422,-7.978763800942191
5.999897510722543,-7.61338280106071,-4.01539323661368,4.1032802235896595,-8.010186727330268
5.949243360652592,-7.655189687786888,-4.022386775192173,4.042271440594142,-8.041146783920622
5.898298073622418,-7.696641303273594,-4.029380313770665,3.9810290743592143,-8.071642181681904
5.847064141334551,-7.7377356201479115,-4.036373852349158,3.9195566637838595,-8.10167115843315
5.795544069608982,-7.778470628512177,-4.04336739092765,3.857857761060206,-8.131231978945598
5.743740378260607,-7.818844336042286,-4.050360929506143,3.795935931468267,-8.16032293504296
5.691655600975979,-7.858854768085133,-4.057354468084635,3.7337947531699127,-8.188942345700136
5.639292285189395,-7.898499967755194,-4.064348006663128,3.671437817002113,-8.217088557140343
5.586652991958294,-7.937777996030234,-4.07134154524162,3.6088687262694368,-8.244759942930687
5.533740295838005,-7.976686931846142,-4.078335083820113,3.546091096535835,-8.27195490407614
5.480556784755821,-8.015224872190895,-4.085328622398605,3.483108555415714,-8.29867186911194
5.427105059884429,-8.053389932197629,-4.092322160977098,3.419924742364316,-8.324909294194404
5.373387735514686,-8.091180245236822,-4.09931569955559,3.35654330846741,-8.35066566319013
5.3194074389277555,-8.128593963007603,-4.106309238134083,3.2929679162303134,-8.375939487763613
5.265166810266613,-8.165629255628136,-4.113302776712575,3.2292022393662556,-8.40072930746325
5.210668502406911,-8.20228431172513,-4.120296315291068,3.1652499625840895,-8.425033689805723
5.155915180827235,-8.238557338522424,-4.12728985386956,3.101114781375372,-8.448851230358786
5.100909523478735,-8.274446561928677,-4.134283392448053,3.0368004018008183,-8.472180552822419
5.045654220654144,-8.309950226624133,-4.141276931026545,2.9723105402761476,-8.49502030910835
4.990151974856204,-8.345066596146475,-4.148270469605038,2.907648923357329,-8.51736917941796
4.934405500665485,-8.379793952975755,-4.15526400818353,2.84281928752524,-8.53922587231855
4.878417524607616,-8.414130598618392,-4.162257546762023,2.7778253789697582,-8.560589124817959
4.8221907850199335,-8.448074853690253,-4.169251085340515,2.7126709533732822,-8.581457702437557
4.7657280319175515,-8.48162505799878,-4.176244623919008,2.647359775693712,-8.60183039928357
4.709032026858858,-8.514779570624201,-4.1832381624975,2.5818956199468888,-8.621706038116765
4.652105542810451,-8.547536769999773,-4.190231701075993,2.5162822689885145,-8.641083470420478
4.594951364011514,-8.579895053991105,-4.197225239654485,2.450523514295556,-8.659961576466985
4.537572285837639,-8.611852839974507,-4.204218778232978,2.3846231557471573,-8.678339265382201
4.4799711146641075,-8.643408564914399,-4.21121231681147,2.3185850014050615,-8.696215475208712
4.422150667728634,-8.67456068543976,-4.218205855389963,2.2524128672935624,-8.713589172967152
4.364113772993575,-8.705307677919613,-4.225199393968455,2.1861105771789924,-8.730459354715887
4.305863269007612,-8.73564803853754,-4.232192932546948,2.1196819623487686,-8.746825045609022
4.247402004766927,-8.76558028336524,-4.23918647112544,2.0531308613899997,-8.762685299952746
4.188732839575855,-8.795102948435101,-4.246180009703933,1.9864611199676727,-8.77803920125997
4.1298586429070365,-8.824214589811804,-4.253173548282425,1.9196765906024316,-8.792885862303287
4.070782294261076,-8.852913783662947,-4.260167086860918,1.8527811324479575,-8.807224425166243
4.011506683025707,-8.88119912632868,-4.26716062543941,1.7857786110679688,-8.82105406129291
3.9520347083344713,-8.909069234390358,-4.274154164017903,1.7186728982128463,-8.834373971535767
3.8923692789249285,-8.936522744738207,-4.281147702596395,1.6514678715959066,-8.847183386201875
3.832513312996387,-8.963558314637988,-4.288141241174888,1.584167414669325,-8.859481565097356
3.7724697380671803,-8.990174621796669,-4.29513477975338,1.5167754163997325,-8.871267797570166
3.7122414908314814,-9.016370364427106,-4.302128318331873,1.4492957710434884,-8.882541402551157
3.651831517015671,-9.0421442613117,-4.309121856910365,1.3817323779216522,-8.893301728593435
3.5912427712342665,-9.067495051865071,-4.316115395488858,1.3140891411946607,-8.903548153910005
3.53047821684541,-9.092421496195707,-4.32310893406735,1.2463699696367239,-8.913280086409703
3.4695408258059355,-9.116922375166608,-4.330102472645843,1.178578776409958,-8.922496963731398
3.40843357852601,-9.140996490454912,-4.337096011224335,1.1107194788382608,-8.931198253276502
3.3471594637233637,-9.164642664610506,-4.344089549802828,1.0427959981809505,-8.939383452239746
3.285721478277116,-9.187859741113614,-4.35108308838132,0.9748122594061731,-8.94705208763822
3.2241226270811962,-9.21064658443136,-4.358076626959813,0.9067721909640994,-8.954203716338721
3.16236592289738,-9.233002080073309,-4.365070165538305,0.838679724559918,-8.960837925083352
3.1004543862079346,-9.254925134645973,-4.372063704116798,0.7705387949266412,-8.9669543305134
3.0383910450678893,-9.27641467590629,-4.37905724269529,0.7023533395977362,-8.972552579191493
2.976178934956935,-9.297469652814067,-4.386050781273783,0.6341272986795934,-8.977632347622023
2.9138210986309616,-9.318089035583386,-4.393044319852275,0.5658646146238481,-8.982193342269838
2.8513205859732382,-9.338271815732966,-4.400037858430768,0.49756923199956415,-8.986235299577201
2.788680453845245,-9.358017006135494,-4.40703139700926,0.4292450972652971,-8.989757985979027
2.7259037659371645,-9.3773236410659,-4.4140249355877526,0.36089615854104706,-8.992761197916373
2.6629935926180375,-9.396190776248591,-4.421018474166245,0.2925263653801165,-8.9952447618482
2.5999530107855944,-9.414617488903636,-4.4280120127447375,0.22413966854088463,-8.997208534261413
2.5367851037157654,-9.432602877791897,-4.43500555132323,0.15574001975851193,-8.998652401679132
2.473492960911879,-9.45014606325911,-4.4419990899017225,0.08733137151658885,-8.999576280667275
2.410079677953558,-9.467246187278906,-4.448992628480215,0.018917676818740955,-8.99998011783936
2.346548356345313,-9.483902413494778,-4.4559861670587075,-0.04949711103979601,-8.999863889859597
2.2829021033648544,-9.500113927260989,-4.4629797056372,-0.11790903870061788,-8.999227603444236
2.219144031911114,-9.515879935682408,-4.4699732442156925,-0.18631415297059742,-8.998071295361182
2.1552772603519963,-9.5311996676533,-4.476966782794185,-0.25470850105032017,-8.996395032427861
2.0913049123718603,-9.546072373895036,-4.4839603213726775,-0.32308813076249754,-8.994198911507372
2.0272301168187434,-9.560497326992737,-4.49095385995117,-0.39144909078034384,-8.991483059502878
1.9630560075513304,-9.574473821430852,-4.4979473985296625,-0.45978743085590457,-8.98824763335028
1.8987857232856777,-9.58800117362767,-4.504940937108155,-0.5280992020483216,-8.984492820009148
1.8344224074417026,-9.601078721968749,-4.5119344756866475,-0.5963804569520239,-8.980218836451911
1.7699692079894387,-9.613705826839274,-4.51892801426514,-0.6646272499248281,-8.975425929651326
1.7054292772950714,-9.625881870655343,-4.5259215528436325,-0.732835637315939,-8.970114376566206
1.640805771966758,-9.637606257894172,-4.532915091422125,-0.8010016776938333,-8.964284484125416
1.5761018527002393,-9.64887841512322,-4.5399086300006175,-0.8691214320740157,-8.95793658921013
1.5113206841242521,-9.659697791028238,-4.54690216857911,-0.9371909641466344,-8.951071058634374
1.4464654346457495,-9.670063856440231,-4.5538957071576025,-1.0052063405039406,-8.943688289123827
1.3815392762949354,-9.679976104361343,-4.560889245736095,-1.0731636308675818,-8.935788707292888
1.3165453845701232,-9.689434049989645,-4.5678827843145875,-1.141058908315712,-8.927372769620039
1.2514869382824234,-9.69843723074286,-4.57487632289308,-1.2088882495099118,-8.918440962421451
1.186367119400271,-9.706985206280974,-4.5818698614715725,-1.276647734921897,-8.908993801822897
1.1211891128937959,-9.715077558527785,-4.588863400050065,-1.3443334490600096,-8.899031833729914
1.0559561065790493,-9.722713891691338,-4.5958569386285575,-1.4119414806954762,-8.888555633796273
0.990671290962089,-9.729893832283297,-4.60285047720705,-1.4794679230884173,-8.877565807390697
0.9253378590829335,-9.736617029137198,-4.6098440157855425,-1.5469088742136001,-8.866062989561895
0.859959006359393,-9.742883153425637,-4.616837554364035,-1.6142604369859168,-8.854047845001856
0.794537930430783,-9.748691898676343,-4.6238310929425275,-1.681518719485578,-8.841521068007449
0.7290778310015299,-9.754042980787172,-4.63082463152102,-1.7486798351830095,-8.82848338244029
0.6635819096846753,-9.758936138040005,-4.6378181700995125,-1.8157399031634336,-8.814935541684921
0.5980533698452873,-9.763371131113539,-4.644811708678005,-1.8826950483511304,-8.800878328605284
0.532495416443786,-9.767347743095003,-4.6518052472564975,-1.949541401733358,-8.786312555499466
0.4669112558791902,-9.77086577949076,-4.65879878583499,-2.016275100583926,-8.771239064052768
0.4013040958322953,-9.773925068235823,-4.6657923244134825,-2.0828922886864008,-8.755658725289075
0.335677145108787,-9.776525459702267,-4.672785862991975,-2.14938911655694,-8.739572439520517
0.2700336134823007,-9.778666826706553,-4.6797794015704675,-2.2157617416667343,-8.722981136295436
0.2043767115374337,-9.780349064515743,-4.68677294014896,-2.2820063286640497,-8.705885774344688
0.13870965051271716,-9.781572090852624,-4.6937664787274525,-2.348119049595852,-8.688287341526237
0.07303564214355664,-9.782335845899732,-4.700760017305945,-2.4140960841290076,-8.670186854768067
0.007357898505148008,-9.78264029230228,-4.7077535558844374,-2.4799336197710398,-8.651585360009419
-0.058320368144623144,-9.782485415169985,-4.71474709446293,-2.5456278520904365,-8.632483932140357
-0.12399594552229108,-9.781871222077788,-4.721740633041422,-2.611174984936489,-8.61288367493965
-0.1896656214759207,-9.780797743065495,-4.728734171619915,-2.676571230658652,-8.592785721010994
-0.25532618414221186,-9.779265030636303,-4.735727710198407,-2.7418128103254156,-8.572191231717563
-0.32097442210358973,-9.777273159754229,-4.7427212487769,-2.806895953942668,-8.551101397114893
-0.3866071245452732,-9.774822227840449,-4.749714787355392,-2.871816900671551,-8.529517435882129
-0.45222108141231376,-9.771912354768528,-4.756708325933885,-2.9365718990457736,-8.50744059525159
-0.5178130835665975,-9.768543682858562,-4.763701864512377,-3.001157207188397,-8.484872150936697
-0.5833799229438018,-9.764716376870215,-4.77069540309087,-3.065569093028055,-8.461813407058274
-0.6489183927103,-9.760430623994658,-4.777688941669362,-3.1298038345146155,-8.438265696069164
-0.7144252874200058,-9.755686633845418,-4.784682480247855,-3.1938577198342584,-8.414230378677251
-0.7798974031711489,-9.750484638448125,-4.791676018826347,-3.2577270476239617,-8.389708843766824
-0.8453315377629769,-9.74482489222916,-4.79866955740484,-3.3214081271853897,-8.364702508318322
-0.9107244908523722,-9.738707672003216,-4.805663095983332,-3.3848972786981557,-8.339212817326455
-0.9760730641103791,-9.732133276959757,-4.812656634561825,-3.4481908334324634,-8.313241243716696
-1.0413740613786322,-9.725102028648386,-4.819650173140317,-3.5112851339611058,-8.286789288260184
-1.106624288825678,-9.717614270963116,-4.82664371171881,-3.5741765343708067,-8.259858479486988
-1.1718205551031842,-9.70967037012555,-4.833637250297302,-3.636861400472905,-8.232450373597782
-1.2369596715020252,-9.701270714666974,-4.840630788875795,-3.6993361100133533,-8.204566554373928
-1.3020384521082413,-9.692415715409348,-4.847624327454287,-3.7615970528820313,-8.17620863308595
-1.367053713958859,-9.683105805445221,-4.85461786603278,-3.8236406313213562,-8.147378248400427
-1.4320022771975678,-9.673341440116538,-4.861611404611272,-3.8854632601341814,-8.118077066285306
-1.4968809652302453,-9.663123096992377,-4.868604943189765,-3.947061366890967,-8.088306779913632
-1.5616866048803222,-9.652451275845594,-4.875598481768257,-4.00843139213621,-8.0580691095657
-1.6264160265439802,-9.64132649862837,-4.88259202034675,-4.069569789594133,-8.027365802529667
-1.6910660643451763,-9.629749309446687,-4.889585558925242,-4.130473026373602,-7.996198633000565
-1.7556335562904826,-9.61772027453372,-4.896579097503735,-4.191137583172278,-7.964569401977789
-1.8201153444237381,-9.605239982222141,-4.903572636082227,-4.251559954479979,-7.932479937161027
-1.8845082749805029,-9.592309042915337,-4.91056617466072,-4.311736648781245,-7.899932092844639
-1.9488091985423055,-9.578928089057568,-4.917559713239212,-4.371664188757101,-7.866927749810515
-2.0130149701906803,-9.565097775103022,-4.924553251817705,-4.431339111485986,-7.833468815219385
-2.077122449660983,-9.550818777483814,-4.931546790396197,-4.490757968643867,-7.799557222500622
-2.1411285014959778,-9.536091794576903,-4.93854032897469,-4.549917326703494,-7.765194931240511
-2.205029995199194,-9.520917546669926,-4.945533867553182,-4.608813767132813,-7.73038392706902
-2.268823805388033,-9.50529677592598,-4.952527406131675,-4.667443886592501,-7.695126221545056
-2.3325068119466312,-9.489230246347317,-4.959520944710167,-4.725804297132632,-7.659423852040227
-2.396075900178462,-9.472718743737977,-4.96651448328866,-4.7838916263884474,-7.6232788816211166
-2.4595279609586735,-9.455763075665356,-4.973508021867152,-4.84170251777523,-7.586693398930063
-2.522859890886154,-9.43836407142071,-4.980501560445645,-4.89923363068227,-7.549669518064471
-2.5860685924353186,-9.420522581978592,-4.987495099024137,-4.9564816406658885,-7.512209378454649
-2.6491509741076054,-9.402239479955234,-4.99448863760263,-5.013443239641556,-7.474315144740177
-2.71210395058268,-9.383515659565868,-5.001482176181122,-5.070115136075045,-7.435989006644828
-2.7749244428693363,-9.364352036580986,-5.008475714759615,-5.126494055172628,-7.397233178850029
-2.8376093784560874,-9.344749548281554,-5.015469253338107,-5.182576739070317,-7.358049900866892
-2.900155691461442,-9.32470915341317,-5.0224627919166,-5.238359947022118,-7.318441436906798
-2.9625603227838533,-9.304231832139173,-5.029456330495092,-5.293840455587297,-7.278410075750561
-3.0248202202513377,-9.283318585992703,-5.036449869073585,-5.349015058816647,-7.237958130616171
-3.0869323387707555,-9.261970437827713,-5.043443407652077,-5.4038805684377476,-7.197087939025126
-3.1488936404767434,-9.24018843176895,-5.05043694623057,-5.4584338140391955,-7.155801862667351
-3.2107010948802963,-9.217973633160875,-5.057430484809062,-5.5126716432538085,-7.1141022872647355
-3.2723516790169853,-9.195327128515576,-5.064424023387555,-5.566590921940787,-7.0719916224332735
-3.333842377594809,-9.172250025459608,-5.071417561966047,-5.620188534366822,-7.029472301543817
-3.3951701831416705,-9.148743452679831,-5.07841110054454,-5.673461383386129,-6.986546781581467
-3.45633209615247,-9.124808559868207,-5.085404639123032,-5.726406390619428,-6.943217543003602
-3.5173251252358098,-9.100446517665562,-5.092398177701525,-5.779020496631828,-6.899487089596532
-3.5781462872603,-9.075658517604337,-5.099391716280017,-5.831300661109607,-6.85535794833083
-3.6387926075004624,-9.050445772050308,-5.10638525485851,-5.8832438630359025,-6.810832669215299
-3.6992611197822236,-9.024809514143293,-5.113378793437002,-5.934847100865287,-6.76591382514963
-3.759548866627987,-8.998750997736833,-5.120372332015495,-5.986107392697204,-6.720604011775719
-3.8196528994012815,-8.972271497336877,-5.127365870593987,-6.03702177644828,-6.67490584732768
-3.8795702784509785,-8.945372308039437,-5.13435940917248,-6.087587310023493,-6.62882197248055
-3.9392980732550673,-8.918054745467252,-5.141352947750972,-6.137801071486177,-6.582355050197698
-3.998833362563986,-8.89032014570544,-5.148346486329465,-6.187660159226867,-6.535507765576943
-4.058173234543497,-8.862169865236147,-5.155340024907957,-6.237161692130975,-6.488282825695399
-4.117314786917103,-8.83360528087221,-5.16233356348645,-6.286302809745266,-6.44068295945304
-4.176255127107999,-8.80462778968981,-5.169327102064942,-6.335080672443155,-6.39271091741502
-4.234991372380541,-8.77523880896015,-5.176320640643435,-6.383492461588799,-6.344369471652716
-4.293520649981241,-8.745439776080127,-5.183314179221927,-6.431535379699963,-6.295661415583563
-4.351840097279275,-8.71523214850204,-5.19030771780042,-6.479206650609683,-6.246589563809619
-4.409946861906486,-8.6846174036623,-5.197301256378912,-6.5265035196266785,-6.197156751954929
-4.4678381018968985,-8.653597038909172,-5.204294794957405,-6.573423253694538,-6.147365836501673
-4.5255109858257105,-8.622172571429543,-5.211288333535897,-6.619963141549646,-6.097219694625096
-4.582962692947783,-8.590345538174711,-5.21828187211439,-6.666120493877858,-6.0467212240272525
-4.6401904133355965,-8.558117495785222,-5.225275410692882,-6.711892643469897,-5.995873342769565
-4.697191348016685,-8.525490020514725,-5.232268949271375,-6.757276945375485,-5.944678989104202
-4.753962709110531,-8.492464708152891,-5.239262487849867,-6.802270777056177,-5.8931411213042875
-4.810501719964919,-8.459043173947354,-5.24625602642836,-6.846871538536904,-5.841262717492965
-4.866805615291741,-8.425227052524713,-5.253249565006852,-6.89107665255622,-5.789046775471292
-4.922871641302245,-8.391017997810588,-5.260243103585345,-6.934883564715222,-5.736496312545027
-4.978697055841718,-8.356417682948718,-5.267236642163837,-6.978289743625162,-5.683614365350263
-5.034279128523608,-8.32142780021914,-5.27423018074233,-7.021292681053715,-5.630403989677965
-5.089615140863062,-8.28605006095541,-5.281223719320822,-7.063889892069929,-5.576868260297377
-5.144702386409884,-8.250286195460912,-5.288217257899315,-7.106078915187807,-5.523010270778361
-5.199538170880913,-8.214137952924222,-5.295210796477807,-7.147857312508554,-5.468833133312625
-5.2541198122917905,-8.17760710133356,-5.3022043350563,-7.189222669861441,-5.414339978533888
-5.308444641088139,-8.140695427390321,-5.309197873634792,-7.230172596943312,-5.359533955336975
-5.362510000276127,-8.103404736421684,-5.316191412213285,-7.270704727456717,-5.304418230695855
-5.4163132455524226,-8.065736852292318,-5.323184950791777,-7.310816719246634,-5.248995989480644
-5.469851745433522,-8.027693617315176,-5.33017848937027,-7.350506254435819,-5.19327043427356
-5.523122881384457,-7.9892768921613895,-5.337172027948762,-7.389771039558748,-5.137244785183865
-5.576124047946862,-7.950488555769263,-5.344165566527255,-7.428608805694135,-5.080922279661789
-5.628852652866408,-7.911330505252377,-5.351159105105747,-7.467017308596052,-5.024306172311453
-5.681306117219589,-7.871804655806804,-5.35815264368424,-7.504994328823607,-4.967399734702803
-5.733481875539853,-7.831912940617433,-5.365146182262732,-7.5425376718692,-4.910206255182562
-5.78537737594308,-7.791657310763419,-5.372139720841225,-7.579645168285323,-4.852729038684207
-5.836990080252388,-7.751039735122763,-5.379133259419717,-7.616314673809937,-4.794971406537003
-5.888317464122282,-7.710062200276007,-5.38612679799821,-7.652544069490361,-4.7369366962740695
-5.93935701716211,-7.668726710409077,-5.393120336576702,-7.688331261805733,-4.6786282614395285
-5.990106243058851,-7.627035287215258,-5.400113875155195,-7.723674182787972,-4.6200494713947124
-6.040562659699203,-7.584989969796315,-5.407107413733687,-7.758570790141279,-4.561203711123472
-6.090723799290986,-7.5425928145627585,-5.41410095231218,-7.793019067360158,-4.502094381036566
-6.1405872084838355,-7.499845895133272,-5.421094490890672,-7.8270170238459285,-4.4427248967751805
-6.190150448489199,-7.456751302233288,-5.428088029469165,-7.860562695021761,-4.383098689013541
-6.239411095199612,-7.413311143592735,-5.435081568047657,-7.893654142446201,-4.323219203260681
-6.288366739307263,-7.369527543842948,-5.44207510662615,-7.926289453925176,-4.263089899661341
-6.337014986421829,-7.325402644412755,-5.449068645204642,-7.958466743622494,-4.202714252796017
-6.385353457187582,-7.280938603423738,-5.456062183783135,-7.990184152168819,-4.142095751480191
-6.433379787399768,-7.2361375955846885,-5.463055722361627,-8.021439846769116,-4.081237898562722
-6.481091628120231,-7.191001812085233,-5.47004926094012,-8.052232021308555,-4.020144210723435
-6.528486645792303,-7.1455334604886716,-5.477042799518612,-8.082558896456877,-3.958818218269915
-6.575562522354938,-7.099734764624006,-5.484036338097105,-8.112418719771222,-3.8972634649334954
-6.62231695535608,-7.053607964477169,-5.491029876675597,-8.141809765797383,-3.8354835076644953
-6.668747658065283,-7.007155316081472,-5.49802341525409,-8.17073033616952,-3.7734819164266753
-6.714852359585548,-6.960379091407265,-5.505016953832582,-8.199178759708289,-3.711262273990945
-6.760628804964393,-6.913281578250813,-5.512010492411075,-8.227153392517428,-3.648828175728336
-6.806074755304141,-6.865865080122401,-5.519004030989567,-8.254652618078737,-3.586183229402238
-6.851187987871423,-6.818131916133672,-5.52599756956806,-8.28167484734549,-3.5233310549599297
-6.895966296205893,-6.770084420884204,-5.532991108146552,-8.308218518834266,-3.460275284323395
-6.94040749022814,-6.721724944347319,-5.539984646725045,-8.334282098715171,-3.397019561179453
-6.984509396346807,-6.673055851755152,-5.546978185303537,-8.359864080900474,-3.333567540769208
-7.028269857564898,-6.624079523482971,-5.55397172388203,-8.384962987131638,-3.2699228896768293
-7.0716867335852776,-6.574798354932747,-5.560965262460522,-8.409577367064738,-3.2060892856176797
-7.1147579009153485,-6.525214756416004,-5.567958801039015,-8.433705798354275,-3.1420704172257947
-7.157481252970913,-6.475331153035927,-5.574952339617507,-8.457346886735357,-3.0778699838407366
-7.199854700179205,-6.425149984568755,-5.581945878196,-8.480499266104275,-3.0134916952938275
-7.241876170081085,-6.37467370534445,-5.588939416774492,-8.50316159859744,-2.948939271693776
-7.283543607432408,-6.323904784126661,-5.595932955352985,-8.525332574668697,-2.884216443211709
-7.324854974304545,-6.272845703991975,-5.602926493931477,-8.547010913164987,-2.8193269498656237
-7.36580825018405,-6.221498962208472,-5.60992003250997,-8.568195361400388,-2.754274541304272
-7.406401432071489,-6.169867070113587,-5.616913571088462,-8.588884695228497,-2.689062976590485
-7.446632534579401,-6.117952552991279,-5.623907109666955,-8.609077719113168,-2.623696023983954
-7.486499590029407,-6.065757949948525,-5.630900648245447,-8.628773266197598,-2.558177460723483
-7.5260006485484405,-6.013285813791128,-5.63789418682394,-8.64797019837175,-2.492511072808719
-7.565133778164122,-5.9605387108988666,-5.644887725402432,-8.666667406338128,-2.426700654781377
-7.603897064899247,-5.907519221099973,-5.651881263980925,-8.684863809675862,-2.360750009505976
-7.642288612865396,-5.854229937544952,-5.658874802559417,-8.702558356903161,-2.294662947950084
-7.680306544355667,-5.800673466579759,-5.66586834113791,-8.719750025538051,-2.228443288964104
-7.717948999936505,-5.7468524276183155,-5.672861879716402,-8.736437822157479,-2.162094859060602
-7.755214138538652,-5.692769453014404,-5.679855418294895,-8.752620782454704,-2.095621492193188
-7.79210013754719,-5.638427187932916,-5.686848956873387,-8.768297971295027,-2.029027029534974
-7.828605192890684,-5.583828290220481,-5.69384249545188,-8.783468482769823,-1.9623153192566103
-7.864727519129421,-5.528975430275471,-5.700836034030372,-8.798131440248898,-1.8954902163039158
-7.900465349542727,-5.473871290917395,-5.707829572608865,-8.81228599643113,-1.8285555821751227
-7.935816936215386,-5.418518567255682,-5.714823111187357,-8.825931333393449,-1.7615152846977387
-7.970780550123124,-5.362919966557866,-5.72181664976585,-8.839066662638082,-1.694373197805042
-8.005354481217175,-5.307078208117176,-5.728810188344342,-8.851691225138133,-1.627133201312228
-8.039537038507916,-5.250996023119534,-5.735803726922835,-8.863804291381433,-1.5597991806922116
-8.073326550147579,-5.1946761545099776,-5.742797265501327,-8.875405161412699,-1.4923750268511062
-8.106721363512015,-5.1381213568585045,-5.74979080407982,-8.886493164873977,-1.4248646359033863
-8.139719845281524,-5.081334396225345,-5.756784342658312,-8.897067661043387,-1.357271908946749
-8.172320381520738,-5.024318050025678,-5.763777881236805,-8.90712803887214,-1.2896007518366916
-8.20452137775756,-4.967075106893788,-5.770771419815297,-8.916673717019847,-1.221855074960807
-8.236321259061148,-4.909608366546678,-5.77776495839379,-8.925704143888117,-1.154038793012825
-8.267718470118945,-4.851920639647131,-5.784758496972282,-8.934218797652429,-1.0861558247663996
-8.298711475312745,-4.794014747666248,-5.791752035550775,-8.942217186292286,-1.0182100928486613
-8.3292987587938,-4.7358935227454495,-5.798745574129267,-8.949698847619642,-0.9502055235135489
-8.359478824556968,-4.677559807557957,-5.8057391127077596,-8.956663349305616,-0.8821460464149303
-8.389250196513864,-4.619016455169759,-5.812732651286252,-8.963110288905474,-0.8140355943795258
-8.41861141856507,-4.56026632890007,-5.8197261898647445,-8.969039293881877,-0.74587810317965
-8.447561054671345,-4.501312302181289,-5.826719728443237,-8.974450021626417,-0.6776775113057827
-8.476097688923867,-4.442157258418459,-5.8337132670217295,-8.979342159479408,-0.6094377597389821
-8.504219925613473,-4.382804090848241,-5.840706805600222,-8.98371542474796,-0.5411627917231547
-8.531926389298933,-4.323255702397412,-5.8477003441787145,-8.987569564722303,-0.47285655253719516
-8.559215724874216,-4.263515005540879,-5.854693882757207,-8.990904356690404,-0.4045229892670068
-8.58608659763477,-4.203584922159236,-5.8616874213356995,-8.993719607950826,-0.3361660505774192
-8.612537693342802,-4.143468383395855,-5.868680959914192,-8.996015155823871,-0.267789686484014
-8.638567718291553,-4.083168329513525,-5.8756744984926845,-8.99779086766097,-0.19939784812487257
-8.664175399368578,-4.022687709750645,-5.882668037071177,-8.999046640852361,-0.13099448753225887
-8.689359484118006,-3.9620294821769835,-5.8896615756496695,-8.999782402833006,-0.06258355740425091
-8.714118740801805,-3.9011966135489935,-5.896655114228162,-8.999998111086793,0.005830989123666662
-8.738451958460018,-3.8401920791647157,-5.9036486528066545,-8.99969375314899,0.07424519870703498
-8.762357946969997,-3.7790188627182566,-5.910642191385147,-8.998869346606964,0.1426551180208656
-8.785835537104605,-3.7176799561538583,-5.9176357299636395,-8.997524939099167,0.21105679398808389
-8.808883580589404,-3.6561783595195645,-5.924629268542132,-8.995660608312381,0.27944627400795824
-8.831500950158821,-3.5945170808204896,-5.9316228071206245,-8.993276461977228,0.3478196061845016
-8.853686539611276,-3.5326991358716993,-5.938616345699117,-8.990372637861952,0.4161728395548322
-8.875439263863289,-3.470727548150708,-5.9456098842776095,-8.986949303764446,0.4845020243174811
-8.896758059002547,-3.408605348649605,-5.952603422856102,-8.983006657502568,0.5528032120606312
-8.917641882339947,-3.3463355757268065,-5.9595969614345945,-8.9785449269027,0.6210724559902775
-8.938089712460583,-3.2839212749584554,-5.966590500013087,-8.97356436978659,0.6893058111582929
-8.958100549273711,-3.221365498989462,-5.9735840385915795,-8.968065273956451,0.7574993346903872
-8.977673414061659,-3.1586713073842,-5.980577577170072,-8.962047957178333,0.8256490860139476
-8.996807349527696,-3.0958417664768683,-5.9875711157485645,-8.955512767163752,0.8937511270857442
-9.015501419842854,-3.032879949221515,-5.994564654327057,-8.948460081549609,0.9618015226194911
-9.033754710691698,-2.969788935041744,-6.0015581929055495,-8.94089030787636,1.0297963403132475
-9.051566329317042,-2.9065718096801,-6.008551731484042,-8.932803883564473,1.0977316510766455
-9.06893540456362,-2.843231665047148,-6.0155452700625345,-8.924201275889146,1.1656035292579345
-9.085861086920685,-2.7797715990702496,-6.022538808641027,-8.915082981953304,1.2334080528708244
-9.102342548563566,-2.716194715542046,-6.0295323472195195,-8.905449528658881,1.3011413038211184
-9.118378983394152,-2.6525041239686513,-6.036525885798012,-8.895301472676369,1.3687993681331216
-9.133969607080315,-2.5887029394175713,-6.0435194243765045,-8.884639400412649,1.436378336175809
-9.14911365709428,-2.524794282365345,-6.050512962954997,-8.873463927977106,1.5038743028887451
-9.16381039274991,-2.4607812785449252,-6.0575065015334895,-8.861775701146033,1.5712833680077387
-9.178059095238943,-2.3966670587928016,-6.064500040111982,-8.849575395325305,1.6386016362902194
-9.191859067666135,-2.3324547588958717,-6.0714935786904745,-8.836863715511356,1.7058252177403255
-9.205209635083358,-2.2681475194380725,-6.078487117268967,-8.823641396250444,1.7729502278336866
-9.218110144522603,-2.203748485646776,-6.0854806558474595,-8.809909201596195,1.8399727877418937
-9.23055996502792,-2.13926080723896,-6.092474194425952,-8.795667925065466,1.9068890245566357
-9.242558487686274,-2.0746876382671533,-6.0994677330044444,-8.780918389592475,1.973695071513497
-9.254105125657333,-2.0100321369651772,-6.106461271582937,-8.765661447481266,2.0403870682153995
-9.265199314202162,-1.9452974655936757,-6.113454810161429,-8.74989798035644,2.106961160855674
-9.275840510710852,-1.8804867902854518,-6.120448348739922,-8.733628899112224,2.173413502440756
-9.28602819472905,-1.815603280890615,-6.127441887318414,-8.71685514385983,2.2397402530124833
-9.295761867983424,-1.7506501108215442,-6.134435425896907,-8.699577683873128,2.3059375798699877
-9.305041054406026,-1.6856304568976792,-6.141428964475399,-8.681797517532642,2.3720016577911696
-9.313865300157575,-1.620547499190144,-6.148422503053892,-8.663515672267852,2.4379286692537385
-9.322234173649662,-1.5554044208662117,-6.155416041632384,-8.64473320449783,2.503714804655808
-9.330147265565852,-1.4902044080336172,-6.162409580210877,-8.625451199570191,2.5693562625360364
-9.337604188881706,-1.4249506495847277,-6.169403118789369,-8.605670771698376,2.634849249793294
-9.34460457888371,-1.359646337040575,-6.176396657367862,-8.585393063897268,2.7001899819058455
-9.35114809318711,-1.29429466439476,-6.183390195946354,-8.564619247917143,2.7653746831500428
-9.357234411752662,-1.2288988279572377,-6.190383734524847,-8.54335052417596,2.8303995868185035
-9.362863236902285,-1.1634620261979867,-6.197377273103339,-8.521588121689994,2.895260935437771
-9.368034293333615,-1.0979874595905739,-6.204370811681832,-8.499333298002819,2.959954980985442
-9.372747328133476,-1.0324783304556215,-6.211364350260324,-8.476587339112637,3.024477985106744
-9.377002110790245,-0.9669378428041843,-6.218357888838817,-8.453351559397971,3.088826219330558
-9.380798433205133,-0.901369202181042,-6.225351427417309,-8.429627301541707,3.1529959652848696
-9.38413610970235,-0.8357756155079192,-6.232344965995802,-8.405415936453519,3.2169835149116346
-9.387014977038202,-0.7701602909266363,-6.239338504574294,-8.380718863190634,3.2807851706810505
-9.389434894409066,-0.7045264376422012,-6.246332043152787,-8.355537508877001,3.344397245805218
-9.391395743458276,-0.6388772657658496,-6.253325581731279,-8.329873328620819,3.4078160644511803
-9.392897428281916,-0.5732159861580397,-6.260319120309772,-8.303727805430452,3.471037961953338
-9.39393987543351,-0.5075458102714115,-6.267312658888264,-8.277102450128737,3.534059285025206
-9.394523033927612,-0.4418699499937166,-6.274306197466757,-8.249998801265678,3.596876391970523
-9.394646875242298,-0.3761916174907265,-6.281299736045249,-8.222418425029542,3.659485652893684
-9.394311393320567,-0.3105140250491278,-6.288293274623742,-8.194362915156356,3.7218834499095
-9.393516604570634,-0.24484038491941112,-6.295286813202234,-8.165833892837812,3.7840661773522504
-9.392262547865123,-0.17917390915876202,-6.302280351780727,-8.136833006627588,3.8460302419840438
-9.390549284539174,-0.11351780947396115,-6.309273890359219,-8.107361932346087,3.907772063202449
-9.38837689838744,-0.04787529706430163,-6.316267428937712,-8.077422372983595,3.969288073247405
-9.385745495659984,0.01775041753546855,-6.323260967516204,-8.047016058601873,4.030574717407379
-9.38265520505709,0.08335612461217198,-6.330254506094697,-8.016144746234197,4.091628454224782
-9.379106177722962,0.14893861543118683,-6.337248044673189,-7.984810219783812,4.152445755700608
-9.375098587238337,0.2144946823933841,-6.344241583251682,-7.953014289920857,4.213023107498301
-9.37063262961199,0.2800211191920093,-6.351235121830174,-7.920758793977736,4.273357009146832
-9.36570852327115,0.3455147209695009,-6.358228660408667,-7.888045595842943,4.333443974242975
-9.36032650905082,0.4109722844742381,-6.365222198987159,-7.85487658585336,4.393280530652768
-9.354486850181988,0.4763906082172097,-6.372215737565652,-7.8212536806850235,4.45286322071215
-9.348189832278768,0.541766492628597,-6.379209276144144,-7.787178823242367,4.5121886014267645
-9.341435763324414,0.6070967402142627,-6.386202814722637,-7.7526539825459535,4.571253244670914
-9.33422497365627,0.6723781557121388,-6.393196353301129,-7.717681153618694,4.630053737385651
-9.326557815949604,0.7376075462485041,-6.400189891879622,-7.682262357370558,4.688586681776007
-9.318434665200366,0.8027817214941465,-6.407183430458114,-7.64639964048181,4.746848695507331
-9.309855918706843,0.8678974938203996,-6.414176969036607,-7.610095075284727,4.804836411900736
-9.300821996050228,0.9329516784550476,-6.421170507615099,-7.573350759643856,4.862546480127652
-9.291333339074102,0.9979410936380907,-6.428164046193592,-7.5361688168347865,4.919975565403448
-9.281390411862816,1.0628625607773632,-6.435157584772084,-7.498551395421458,4.977120349180126
-9.270993700718801,1.127712904603996,-6.442151123350577,-7.460500669132003,5.033977529338101
-9.26014371413878,1.1924889533277172,-6.449144661929069,-7.42201883673314,5.090543820376998
-9.248840982788895,1.257187538791983,-6.456138200507562,-7.383108121903117,5.146815953605513
-9.23708605947876,1.3218054966289294,-6.463131739086054,-7.343770773103212,5.202790677330298
-9.224879519134412,1.3863396664141399,-6.470125277664547,-7.30400906344781,5.258464757043851
-9.212221958770204,1.45078689182122,-6.477118816243039,-7.263825290573053,5.313834975611428
-9.199113997459596,1.5151440207761708,-6.484112354821532,-7.2232217765040625,5.368898133456947
-9.185556276304883,1.5794079056115555,-6.491105893400024,-7.182200867520768,5.4236510487478755
-9.171549458405835,1.6435754032204497,-6.498099431978517,-7.1407649340223225,5.4780905575790895
-9.157094228827264,1.7076433752101683,-6.505092970557009,-7.098916370390133,5.532213514155702
-9.142191294565524,1.771608688055763,-6.512086509135502,-7.056657594849497,5.586016790974847
-9.126841384513927,1.8354682132532811,-6.519080047713994,-7.013991049329865,5.639497279006394
-9.111045249427097,1.8992188274727781,-6.526073586292487,-6.970919199323739,5.692651887872618
-9.094803661884244,1.9628574127110783,-6.533067124870979,-6.927444533744195,5.745477546026759
-9.078117416251388,2.0263808564442742,-6.540060663449472,-6.883569564781068,5.797971200930527
-9.060987328642497,2.0897860517799587,-6.547054202027964,-6.8392968277557795,5.850129819230488
-9.04341423687958,2.1530698976091798,-6.554047740606457,-6.794628880974836,5.901950386933343
-9.025399000451703,2.216229298758116,-6.561041279184949,-6.7495683055820015,5.9534299095801
-9.006942500472956,2.2792611661394573,-6.568034817763442,-6.704117705409134,6.004565412419101
-8.988045639639354,2.3421624169034927,-6.575028356341934,-6.658279706825735,6.055353940577925
-8.968709342184695,2.4049299745888884,-6.582021894920427,-6.612056958587177,6.105792559234132
-8.948934553835345,2.4675607692731565,-6.589015433498919,-6.565452131681647,6.1558783537848525
-8.928722241763992,2.5300517377228036,-6.596008972077412,-6.518467919175805,6.205608430015211
-8.908073394542338,2.5923998235431505,-6.603002510655904,-6.47110703605916,6.254979914265563
-8.88698902209275,2.6546019773278196,-6.609996049234397,-6.423372219087187,6.303989953597558
-8.865470155638867,2.716655156807879,-6.616989587812889,-6.375266226623186,6.3526357159589875
-8.843517847655157,2.7785563270006377,-6.623983126391382,-6.326791838478881,6.400914390347446
-8.821133171815449,2.8403024603580858,-6.630976664969874,-6.2779518557538,6.448823186972753
-8.798317222940415,2.9018905369149683,-6.637970203548367,-6.228749100673401,6.496359337418173
-8.775071116944028,2.9633175444364914,-6.644963742126859,-6.179186416425999,6.543520094800383
-8.751395990778976,3.0245804785656483,-6.651957280705352,-6.129266666998466,6.590302733928201
-8.72729300238106,3.08567634297016,-6.658950819283844,-6.078992737010736,6.636704551460063
-8.70276333061256,3.1466021494890253,-6.665944357862337,-6.0283675315491205,6.682722866060238
-8.677808175204575,3.2073549182786687,-6.672937896440829,-5.977393975998435,6.7283550185537635
-8.652428756698347,3.2679316779586833,-6.679931435019322,-5.926075015872952,6.773598372080116
-8.626626316385561,3.328329465757159,-6.686924973597814,-5.8744136166461995,6.81845031224557
-8.600402116247643,3.3885453276555904,-6.693918512176307,-5.8224127635795995,6.862908247274283
-8.573757438894027,3.4485763185333544,-6.700912050754799,-5.770075461549961,6.906969608158052
-8.54669358749943,3.508419502311757,-6.707905589333292,-5.717404734875847,6.950631848804772
-8.51921188574011,3.568071952097632,-6.714899127911784,-5.66440362714281,6.993892446185556
-8.49131367772913,3.6275307503264957,-6.721892666490277,-5.6110752010275196,7.036748900480532
-8.463000327950619,3.686792988905242,-6.728886205068769,-5.557422538120788,7.0791987352232955
-8.434273221193031,3.745855769354377,-6.735879743647262,-5.503448738749493,7.121239497444009
-8.405133762481418,3.8047162029497787,-6.742873282225754,-5.449156921797434,7.162868757811154
-8.375583377008711,3.863371410863987,-6.749866820804247,-5.3945502245251005,7.204084110771902
-8.345623510066018,3.9218185243070023,-6.756860359382739,-5.339631802388386,7.244883174691125
-8.315255626971929,3.9800546846665963,-6.763853897961232,-5.284404828856249,7.28526359198902
-8.284481213000857,4.038077043648127,-6.770847436539724,-5.228872495227339,7.3252230292773355
-8.253301773310385,4.0958827634138455,-6.777840975118217,-5.17303801044558,7.3647591774942125
-8.221718832867655,4.153469016721692,-6.784834513696709,-5.116904600914745,7.403869752037614
-8.18973393637478,4.210832987063577,-6.791828052275202,-5.060475510312016,7.4425524928973354
-8.157348648193299,4.267971868803133,-6.798821590853694,-5.0037539994005495,7.480805164785606
-8.124564552267659,4.324882867312937,-6.805815129432187,-4.9467433458410515,7.518625557266254
-8.091383252047747,4.381563199111194,-6.812808668010679,-4.889446844002376,7.556011484882431
-8.057806370410466,4.438010091997877,-6.819802206589172,-4.831867804771165,7.592960787282909
-8.023835549580365,4.4942207851903095,-6.826795745167664,-4.774009555360521,7.629471329346907
-7.989472451049315,4.550192529458198,-6.833789283746157,-4.715875439117746,7.665541001307474
-7.954718755495245,4.6059225872580924,-6.840782822324649,-4.6574688153311525,7.701167718873407
-7.9195761626999435,4.661408232867278,-6.847776360903142,-4.598793059035936,7.736349423349679
-7.884046391465924,4.716646752517091,-6.854769899481634,-4.539851560819154,7.7710840817564115
-7.848131179532359,4.7716354445256455,-6.861763438060127,-4.4806477266238005,7.80536968694635
-7.811832283490086,4.82637161942997,-6.868756976638619,-4.42118497755199,7.839204257720844
-7.775151478695697,4.88085260011755,-6.875750515217112,-4.361466749667271,7.87258583894433
-7.738090559184702,4.935075721957261,-6.882744053795604,-4.3014964937960745,7.905512501657313
-7.700651337583791,4.989038332929697,-6.889737592374097,-4.241277675328303,7.93798234318783
-7.662835645022173,5.042737793756876,-6.896731130952589,-4.180813774017083,7.9699934872613944
-7.624645331042021,5.096171478031329,-6.903724669531082,-4.120108283777692,8.001544084109419
-7.5860822635080085,5.149336772344554,-6.910718208109574,-4.059164712485657,8.032632310576107
-7.547148328515957,5.202231076414834,-6.917711746688067,-3.997986581774054,8.063256370223796
-7.507845430300584,5.25485180321442,-6.924705285266559,-3.9365774268300058,8.093414493436775
-7.4681754911423734,5.307196379096056,-6.931698823845052,-3.8749407961904074,8.123104937523536
-7.428140451273553,5.35926224391886,-6.938692362423544,-3.8130802515368685,8.152325986817477
-7.3877422687832,5.411046851173533,-6.945685901002037,-3.750999367489902,8.181075952776037
-7.346982919521476,5.462547668106912,-6.952679439580529,-3.6887017314023653,8.209353174078283
-7.305864397002984,5.513762175845841,-6.959672978159022,-3.6261909431521633,8.237156016720894
-7.26438871230927,5.564687869520371,-6.966666516737514,-3.5634706149342295,8.264482874112588
-7.22255789399046,5.615322258386273,-6.973660055316007,-3.5005443710517943,8.291332167166962
-7.18037398796605,5.665662865946852,-6.980653593894499,-3.437415847706956,8.317702344393737
-7.137839057424833,5.715707230074078,-6.987647132472992,-3.3740886927905582,8.343591881988411
-7.094955182723998,5.765452903129004,-6.994640671051484,-3.310566565671402,8.36899928392031
-7.0517244612873755,5.814897452081479,-7.001634209629977,-3.246853136984783,8.393923082019043
-7.008149007502856,5.864038458629145,-7.008627748208469,-3.1829520884203855,8.418361836059335
-6.964230952618976,5.912873519315716,-7.015621286786962,-3.118867112509537,8.442314133844253
-6.919972444640682,5.961400245648529,-7.022614825365454,-3.054601912411832,8.465778591286803
-6.875375648224268,6.009616264215365,-7.029608363943947,-2.9901602017011473,8.488753852489927
-6.83044274457151,6.05751921680053,-7.036601902522439,-2.925545704151048,8.51123858982483
-6.7851759313229785,6.10510676050019,-7.043595441100932,-2.860762153519615,8.533231504007718
-6.739577422450558,6.152376567836971,-7.050588979679424,-2.795813293333684,8.554731324174867
-6.69364944814916,6.199326326873782,-7.057582518257917,-2.7307028766725274,8.575736807956059
-6.647394254727648,6.245953741326903,-7.064576056836409,-2.6654346659509827,8.59624674154638
-6.600814104498969,6.292256530678284,-7.071569595414902,-2.6000124327020395,8.616259939776354
-6.553911275669509,6.338232430287088,-7.078563133993394,-2.5344399573589014,8.635775246180428
-6.506688062227663,6.383879191500458,-7.085556672571887,-2.468721029036532,8.654791533063797
-6.459146773831639,6.429194581763487,-7.092550211150379,-2.4028594453127035,8.673307701567582
-6.4112897356964975,6.4741763847284215,-7.099543749728872,-2.33685901200855,8.691322681732304
-6.363119288480422,6.518822400363053,-7.106537288307364,-2.27072354296865,8.708835432559734
-6.31463778817024,6.563130445058326,-7.113530826885857,-2.2044568598406378,8.725844942073035
-6.2658476059661945,6.607098351735136,-7.120524365464349,-2.138062791854377,8.742350227375237
-6.21675112816597,6.650723969950316,-7.127517904042842,-2.0715451756006815,8.758350334706048
-6.167350756047979,6.694005166001817,-7.134511442621334,-2.00490785480962,8.77384433949695
-6.117648905753916,6.736939823033068,-7.141504981199827,-1.9381546801284057,8.78883134642464
-6.06764800817059,6.779525841136505,-7.148498519778319,-1.8712895088988846,8.803310489462755
-6.017350508811024,6.821761137456279,-7.155492058356812,-1.8043162049346402,8.817280931931922
-5.966758867694855,6.863643646290126,-7.162485596935304,-1.7372386382977218,8.830741866548104
-5.9158755592280095,6.905171319190403,-7.169479135513797,-1.670060685075012,8.843692515469247
-5.864703072081684,6.946342125064271,-7.176472674092289,-1.6027862271542461,8.856132130340233
-5.813243909070627,6.987154050273038,-7.183466212670782,-1.535419151999699,8.868059992336121
-5.761500587030724,7.027605098730642,-7.190459751249274,-1.467963352427544,8.879475412203679
-5.709475636695906,7.067693292001282,-7.1974532898277666,-1.400422726380909,8.89037773030122
-5.657171602574367,7.10741666939618,-7.204446828406259,-1.3328011767046315,8.900766316636718
-5.60459104282412,7.146773288069476,-7.2114403669847515,-1.2651026109197328,8.910640570904208
-5.551736529127874,7.185761223113254,-7.218433905563244,-1.1973309409976205,8.919999922518484
-5.498610646567255,7.224378567651685,-7.2254274441417365,-1.1294900831340366,8.928843830648058
-5.445215993496375,7.262623432934294,-7.232420982720229,-1.061583957522757,8.937171784246418
-5.391555181414745,7.300493948428336,-7.2394145212987215,-0.9936164881290646,8.944983302081567
-5.337630834839548,7.337988261910284,-7.246408059877214,-0.9255916024630015,8.952277932763815
-5.283445591177276,7.375104539556417,-7.2534015984557065,-0.8575132313524172,8.959055254771874
-5.229002100594739,7.411840966032515,-7.260395137034199,-0.7893853087158257,8.965314876477212
-5.174303025889443,7.448195744582644,-7.2673886756126915,-0.7212117713350825,8.971056436166686
-5.119351042359353,7.484167097117033,-7.274382214191184,-0.6529965586278984,8.976279602063435
-5.064148837672053,7.519753264299043,-7.2813757527696765,-0.5847436124201986,8.980984072346068
-5.008699111733286,7.554952505631211,-7.288369291348169,-0.5164568767183438,8.985169575166088
-4.953004576554908,7.589763099540378,-7.2953628299266615,-0.448140297481226,8.988835868663609
-4.897067956122243,7.624183343461893,-7.302356368505154,-0.3797978223922501,8.99198274098133
-4.840891986260857,7.658211553922879,-7.3093499070836465,-0.3114334006312161,8.994610010276782
-4.784479414502746,7.691846066624574,-7.316343445662139,-0.24305098264611627,8.996717524732826
-4.727832999951961,7.725085236523733,-7.3233369842406315,-0.1746545199248568,8.998305162566439
-4.670955513149657,7.75792743791308,-7.330330522819124,-0.10624796476692125,8.999372832035736
-4.613849735938595,7.790371064500825,-7.3373240613976165,-0.03783527005498593,8.999920471445282
-4.556518461327073,7.822414529489225,-7.344317599976109,0.03057961097349772,8.999948049149657
